"VFID","VF_Name","VFcategory","arm","scenario","cases","n","prevalence","HR","lo","hi","p","HR_perSD","lo_perSD","hi_perSD","ph_term","ph_global","FDR"
"VF0394","Flagella","Motility","abundance","adjusted",43,1699,0.189983669025585,2.17933457592258,1.496647092189,3.17342626635181,4.84269929572784e-05,1.55568170061124,1.25701323565754,1.92531429659188,0.658080749738524,0.589516223383492,0.00159809076759019
"VF0333","T2SS","Effector delivery system","abundance","adjusted",43,1699,0.369080021774633,1.76904208696911,1.29166800667841,2.42284386489972,0.00037798871546958,1.61052907926529,1.23839474829126,2.09448878779407,0.740900325481846,0.567016031314808,0.00623681380524808
"VF0568","AcrAB","Antimicrobial activity/Competitive advantage","abundance","adjusted",43,1699,0.188894937397931,2.17839221967853,1.38787471692612,3.41917941503113,0.000711627143757708,1.49592889610986,1.1847723538318,1.88880442304292,0.733161652697997,0.603691841065206,0.00731571536986032
"VF0227","Chu","Nutritional/Metabolic factor","abundance","adjusted",43,1699,0.272182906913446,1.78151279193601,1.26741691299151,2.50413876862387,0.000886753378164887,1.51445055435383,1.18569670426073,1.93435679912144,0.461156509294576,0.561849593942901,0.00731571536986032
"VF0404","ECP","Adherence","abundance","adjusted",43,1699,0.337506804572673,1.74984021208785,1.24593135464058,2.45755173945595,0.00124266489960281,1.533474381378,1.18295336651304,1.9878583086282,0.925131600460301,0.563432473276903,0.00760857062336664
"VF1138","Curli fibers","Adherence","abundance","adjusted",43,1699,0.323897659227001,1.82212969290871,1.25888776867686,2.63737300527529,0.0014711064624712,1.51762882132864,1.17358657820779,1.96252861279703,0.431283125089225,0.54843751666765,0.00760857062336664
"VF0228","Enterobactin","Nutritional/Metabolic factor","abundance","adjusted",43,1699,0.348938486663038,1.59233327393906,1.19231803311089,2.12655112552313,0.00162317918209213,1.52536238038935,1.17310295291563,1.98339829059692,0.733481262081119,0.581812580423002,0.00760857062336664
"VF0560","Capsule","Immune modulation","abundance","adjusted",43,1699,0.22591181273816,1.87301685449984,1.2618572294027,2.78018150983774,0.001844501969301,1.45940469966012,1.15039585264304,1.8514166862621,0.472438373591125,0.548569591885384,0.00760857062336664
"VF0571","RcsAB","Regulation","abundance","adjusted",43,1699,0.225367446924333,2.16994128216686,1.32161631690761,3.56279285282244,0.00219662178168596,1.46401592650231,1.14706670503962,1.86854227712798,0.757826464660972,0.607601267507862,0.00805427986618186
"VF0112","RpoS","Regulation","abundance","adjusted",43,1699,0.246053347849755,2.0488142683639,1.28672697728735,3.26226152116659,0.00250896403227561,1.46408869120068,1.14338725351787,1.87474164077536,0.976576839028952,0.611029302379887,0.00827958130650951
"VF0565","Aerobactin","Nutritional/Metabolic factor","abundance","adjusted",43,1699,0.0658682634730539,2.37446345921599,1.28864287739924,4.37520496798212,0.00555016918358442,1.29433318886438,1.07859131189934,1.55322816465647,0.151907584143761,0.476937102189774,0.0153298058453021
"VF0239","K1 capsule","Invasion","abundance","adjusted",43,1699,0.255851932498639,1.59877337697495,1.14506152884331,2.23226110260284,0.00586144450202573,1.41037244422821,1.10435679178268,1.80118458657489,0.863688052277431,0.601028191660458,0.0153298058453021
"VF0213","Adhesive fimbriae","Adherence","abundance","adjusted",43,1699,0.0930865541643985,2.04683375886277,1.22602293306333,3.41716971472335,0.00615722241571967,1.35052718301043,1.08924694986383,1.67448132150206,0.39405056866673,0.572533490916451,0.0153298058453021
"VF0111","PhoPQ","Regulation","abundance","adjusted",43,1699,0.193249863908547,2.02337485654746,1.21793090570233,3.36147624708445,0.00650355399497663,1.39713141443038,1.09806759521395,1.77764665645006,0.958320518344285,0.615130127584255,0.0153298058453021
"VF0572","Allantion utilization","Nutritional/Metabolic factor","abundance","adjusted",43,1699,0.142079477408819,1.99252819559826,1.1779457625444,3.3704171588328,0.0101499005926148,1.36381470934551,1.07649478630707,1.72782124454861,0.746574905231381,0.596702310353638,0.0210903977833172
"VF0256","Shu","Nutritional/Metabolic factor","abundance","adjusted",43,1699,0.152966793685357,2.07826571806484,1.18400889845634,3.64793575497171,0.0108215153397048,1.35557341364211,1.07276918689038,1.71293070515933,0.409653954308021,0.576701111498,0.0210903977833172
"VF0221","Type 1 fimbriae","Adherence","abundance","adjusted",43,1699,0.39412084921067,1.53793758847432,1.10429300223276,2.14186997586684,0.010864750373224,1.41979033942352,1.08413550440712,1.85936591849074,0.923082617501451,0.580640692806776,0.0210903977833172
"VF0229","Aerobactin","Nutritional/Metabolic factor","abundance","adjusted",43,1699,0.101252041371802,1.65474889409361,1.07359929880978,2.55048033799915,0.022504990712962,1.26688296427437,1.03391851470108,1.55233939846086,0.13303380511184,0.420974100902494,0.0376053986263392
"VF0220","P fimbriae","Adherence","abundance","adjusted",43,1699,0.224823081110506,1.58005838718351,1.06485638903474,2.3445269546366,0.0230797352386307,1.31563008377507,1.03840075962374,1.66687331581034,0.150103292757527,0.443671531630839,0.0376053986263392
"VF0236","OmpA","Invasion","abundance","adjusted",43,1699,0.201959716929777,1.84842755302721,1.08299116598546,3.15485899248421,0.0243034989697318,1.33411535189318,1.03811930165027,1.71450792729473,0.946576522344213,0.594963916858016,0.0376053986263392
"VF0237","Ibes","Invasion","abundance","adjusted",43,1699,0.26619488296135,1.62509584706972,1.06370608758784,2.48276901202295,0.0247283696687989,1.34600870587732,1.03851689481682,1.74454498077002,0.918506372754064,0.590857443608213,0.0376053986263392
"VF0238","AslA","Invasion","abundance","adjusted",43,1699,0.195427327163854,1.81191551530115,1.07720741610903,3.04773044215353,0.0250702657508928,1.32552674856313,1.03589032612065,1.69614593056032,0.356735958180162,0.533007346874607,0.0376053986263392
"VF0113","Fur","Regulation","abundance","adjusted",43,1699,0.227544910179641,1.79358308798018,1.04101588794311,3.09019327250106,0.0353067406823549,1.32314193695526,1.01945287425406,1.71729819940006,0.825431672777079,0.606910579183419,0.0506574975007701
"VF1110","TTSS secreted effectors","Effector delivery system","abundance","adjusted",43,1699,0.0832879695155144,1.76050686060904,1.02384494020367,3.02720097990125,0.0408340442824296,1.26486851882822,1.00983773064276,1.58430639039835,0.376934443919803,0.547975238604653,0.0561468108883407
"VF0144","Capsule","Immune modulation","abundance","adjusted",43,1699,0.307022318998367,0.454481190222575,0.210100206526438,0.983117321401283,0.0451501731782299,0.675938995651287,0.460773517091869,0.99157939615478,0.670810417820542,0.577172926217535,0.0595982285952635
"VF0564","Ybt","Nutritional/Metabolic factor","abundance","adjusted",43,1699,0.20141535111595,1.42294944812831,0.9944578582707,2.03606931665222,0.0536567006359615,1.28503944011163,0.996056419442087,1.65786428400045,0.549030248332525,0.560276300154658,0.0681027354225665
"VF0506","FdeC","Adherence","abundance","adjusted",43,1699,0.180185084376701,1.69221340152392,0.974735946177392,2.93780711332873,0.0616116728166086,1.27184013077118,0.988370929150503,1.63660956684587,0.475980120463247,0.556653577033843,0.0753031556647438
"VF0230","Salmochelin siderophore","Nutritional/Metabolic factor","abundance","adjusted",43,1699,0.129014697876973,1.46812491504355,0.943720150693396,2.28393000254151,0.0885523595014659,1.22622891521901,0.969702862460674,1.55061659682393,0.0615858309573618,0.398676503333929,0.104365280841013
"VF0579","T6SS","Effector delivery system","abundance","adjusted",43,1699,0.193794229722373,1.24894380396647,0.816619437230355,1.9101438863085,0.305138689930446,1.15070860251818,0.879917180628513,1.50483513341964,0.538782668534129,0.57847247140854,0.347226785093266
"VF0225","<alpha>-Hemolysin","Exotoxin","abundance","adjusted",43,1699,0.0626020685900925,1.38279067270276,0.716051559265739,2.67035246243228,0.334415315139094,1.12399629584882,0.886511875847852,1.42509954745231,0.346041240199257,0.556968379264748,0.367856846653003
"VF0573","Colibactin","Exotoxin","abundance","adjusted",43,1699,0.151878062057703,0.804120007665638,0.442829970937878,1.46017439912371,0.473831555375908,0.870001072403916,0.594318506346196,1.27356267372072,0.967159060759072,0.617077223866424,0.504401333142095
"VF0222","S fimbriae","Adherence","abundance","adjusted",43,1699,0.131192161132281,0.9254217462787,0.430633364768735,1.98871122990073,0.842592356817816,0.966473378202549,0.690258913759136,1.35321800581657,0.803779796526074,0.608268788175526,0.865174700816481
"VF0224","F1C fimbriae","Adherence","abundance","adjusted",43,1699,0.0876428960261296,0.930591050856054,0.405623532332606,2.13498388259995,0.865174700816481,0.970411623363669,0.686089677958954,1.37255922806005,0.899725847188336,0.615921221583069,0.865174700816481
"VF0394","Flagella","Motility","abundance","base",47,1837,0.189983669025585,2.08774777601945,1.45712542119585,2.99129416923974,6.02548879518987e-05,1.52411029075671,1.24051598620863,1.87253707668046,0.415639487438561,0.411485289799152,0.00198841130241266
"VF0333","T2SS","Effector delivery system","abundance","base",47,1837,0.369080021774633,1.74707714081965,1.29493444300809,2.35709116585411,0.000260698327696246,1.59631708501258,1.24191592071091,2.05185245909753,0.532788996612283,0.401230950827438,0.00430152240698806
"VF0568","AcrAB","Antimicrobial activity/Competitive advantage","abundance","base",47,1837,0.188894937397931,2.12161568129665,1.37826632146352,3.26588049713365,0.000631318547600473,1.48009254412529,1.18204308473488,1.8532944927863,0.51452399635997,0.433410914257105,0.00528078550153746
"VF0227","Chu","Nutritional/Metabolic factor","abundance","base",47,1837,0.272182906913446,1.73295176321595,1.25438599785305,2.39409704729905,0.000854379732522798,1.48651751457399,1.17752719871107,1.87658877311201,0.786159534675403,0.431005094472043,0.00528078550153746
"VF0571","RcsAB","Regulation","abundance","base",47,1837,0.225367446924333,2.21149703914231,1.37993137481053,3.54417563323154,0.000972751960431689,1.48035206625797,1.17253576241187,1.8689768878064,0.586627586271048,0.446840285527472,0.00528078550153746
"VF1138","Curli fibers","Adherence","abundance","base",47,1837,0.323897659227001,1.79370015262723,1.2617320352857,2.54995525797711,0.00113282765822409,1.50283477320044,1.17596129264194,1.92056691803724,0.295094881208826,0.367759139141166,0.00528078550153746
"VF0213","Adhesive fimbriae","Adherence","abundance","base",47,1837,0.0930865541643985,2.13119149987147,1.3423688568177,3.38355377216652,0.00133448430726403,1.38473987729588,1.13503292085999,1.68938230119401,0.275213637383899,0.386030091545786,0.00528078550153746
"VF0404","ECP","Adherence","abundance","base",47,1837,0.337506804572673,1.69334437218821,1.22743449565468,2.33610442999004,0.00133553439575156,1.49593534792012,1.16964383108242,1.91325128700585,0.687124281152166,0.415889353126174,0.00528078550153746
"VF0228","Enterobactin","Nutritional/Metabolic factor","abundance","base",47,1837,0.348938486663038,1.56111535254096,1.18596029120077,2.05494329112112,0.00149192339246454,1.50101415001746,1.16826477031909,1.92853840652686,0.535724858423117,0.417703232891208,0.00528078550153746
"VF0112","RpoS","Regulation","abundance","base",47,1837,0.246053347849755,2.03387139234537,1.30395936080474,3.17236331510207,0.00174689161867831,1.45988735703612,1.15193867653437,1.8501602026645,0.827772098550929,0.449811463545567,0.00528078550153746
"VF0560","Capsule","Immune modulation","abundance","base",47,1837,0.22591181273816,1.83842150319427,1.25528373810165,2.69245392162755,0.00176026183384582,1.44423906764082,1.14711799374561,1.81831903594269,0.277401477069249,0.360366514254255,0.00528078550153746
"VF0111","PhoPQ","Regulation","abundance","base",47,1837,0.193249863908547,2.02971537106773,1.25744540921248,3.27628098791879,0.00375865319016389,1.40325410169429,1.11587310528954,1.76464695186907,0.857972720875603,0.458384142362136,0.0103362962729507
"VF0565","Aerobactin","Nutritional/Metabolic factor","abundance","base",47,1837,0.0658682634730539,2.35357865854042,1.28289991777722,4.31782123077418,0.00569814823597966,1.29067877621793,1.07709489143149,1.54661554579045,0.160857325188694,0.283064573405522,0.0144645301374868
"VF0572","Allantion utilization","Nutritional/Metabolic factor","abundance","base",47,1837,0.142079477408819,1.96093022412557,1.19070183142035,3.2293956744001,0.00815101078368286,1.35664492731245,1.08226547453917,1.70058594873527,0.964890767040554,0.442214437906347,0.0187004951821071
"VF0256","Shu","Nutritional/Metabolic factor","abundance","base",47,1837,0.152966793685357,2.03512553734499,1.19880318999511,3.45489233538878,0.00850022508277597,1.34728880775176,1.07903727500211,1.68222838408397,0.725491324136888,0.4282149669305,0.0187004951821071
"VF0221","Type 1 fimbriae","Adherence","abundance","base",47,1837,0.39412084921067,1.50684507215682,1.09984308880257,2.06446000761375,0.0106973025217498,1.39850265669309,1.08095913281205,1.80932805081141,0.832912551634532,0.433501263962859,0.0220631864511089
"VF1110","TTSS secreted effectors","Effector delivery system","abundance","base",47,1837,0.0832879695155144,1.85015858538358,1.12750080916707,3.03599497511431,0.0148955583765581,1.29578334585402,1.05183713184604,1.59630652746191,0.166474949889468,0.330369753539069,0.0289149074368482
"VF0239","K1 capsule","Invasion","abundance","base",47,1837,0.255851932498639,1.47940459683419,1.06707920475824,2.05105483395676,0.0187989388018885,1.33390262881834,1.04892107863892,1.69631086590166,0.905252124365809,0.430389130553831,0.0344647211367956
"VF0113","Fur","Regulation","abundance","base",47,1837,0.227544910179641,1.81913495330872,1.09244332385492,3.0292207440768,0.0214575764010045,1.33452679360448,1.0435637295474,1.70661523817111,0.739248240993181,0.449580357030073,0.0372684221701657
"VF0236","OmpA","Invasion","abundance","base",47,1837,0.201959716929777,1.78295165524427,1.06449641964424,2.98631028369331,0.0279835642790875,1.31339049618062,1.02990341920161,1.67490908690721,0.775948397070709,0.449071799784468,0.0451229517750851
"VF0237","Ibes","Invasion","abundance","base",47,1837,0.26619488296135,1.57256729643566,1.04733910577544,2.3611912208587,0.0290329906826889,1.3212711492844,1.02887258688278,1.69676738615469,0.771296086428612,0.443883201112614,0.0451229517750851
"VF0238","AslA","Invasion","abundance","base",47,1837,0.195427327163854,1.72556542984094,1.0539769545816,2.82508648763024,0.0300819678500568,1.29597298361048,1.02529759047225,1.63810584346995,0.605568523538924,0.417631596027256,0.0451229517750851
"VF0229","Aerobactin","Nutritional/Metabolic factor","abundance","base",47,1837,0.101252041371802,1.57834655408981,1.02207110900822,2.43738211837778,0.0395452424682047,1.24049045076885,1.01036219952147,1.52303457035263,0.123196567303278,0.238713181633772,0.0567388261500329
"VF0144","Capsule","Immune modulation","abundance","base",47,1837,0.307022318998367,0.501680527733089,0.243493057841825,1.0336366635555,0.0614424425804211,0.708367399277997,0.493554748065241,1.01667418726472,0.988161592636042,0.444793353672261,0.0844833585480791
"VF0506","FdeC","Adherence","abundance","base",47,1837,0.180185084376701,1.62913944508138,0.960689858655603,2.76269735503842,0.07011388394104,1.2503745879108,0.981807008009349,1.59240726266869,0.700774609260367,0.424197601257885,0.0925503268021729
"VF0220","P fimbriae","Adherence","abundance","base",47,1837,0.224823081110506,1.41168418563895,0.955083376609143,2.08657410315149,0.0837239569122767,1.22927496649581,0.972860481992614,1.55327199657467,0.163893983667833,0.282361198930765,0.106265022234813
"VF0230","Salmochelin siderophore","Nutritional/Metabolic factor","abundance","base",47,1837,0.129014697876973,1.41883042838689,0.916913422022851,2.19549603721077,0.11628219807889,1.20367556273793,0.955074866497017,1.51698564286006,0.0619851988055589,0.19315171076488,0.142122686540865
"VF0564","Ybt","Nutritional/Metabolic factor","abundance","base",47,1837,0.20141535111595,1.31168471207831,0.92570254859799,1.85860651081252,0.127053586240637,1.21305426561124,0.946524283974016,1.55463592031625,0.598432252305946,0.423578246381344,0.149741726640751
"VF0579","T6SS","Effector delivery system","abundance","base",47,1837,0.193794229722373,1.23809725865056,0.82353465199538,1.86134829683722,0.304565464671573,1.14436131217148,0.884633798608439,1.4803445390113,0.692871155735472,0.445028890915279,0.346574494281445
"VF0573","Colibactin","Exotoxin","abundance","base",47,1837,0.151878062057703,0.77177305161499,0.427944497318897,1.39184788431865,0.389202771693347,0.848535435454555,0.583854708781553,1.23320472438194,0.902537010392713,0.47791931363739,0.41706690002812
"VF0225","<alpha>-Hemolysin","Exotoxin","abundance","base",47,1837,0.0626020685900925,1.32365095754058,0.696736576980138,2.51465462742319,0.391790118208234,1.10437228855443,0.879906201943325,1.38610018776239,0.374363130888499,0.397193779257332,0.41706690002812
"VF0222","S fimbriae","Adherence","abundance","base",47,1837,0.131192161132281,0.936837111213173,0.439427119947167,1.99729086600701,0.865856358477639,0.972143460112043,0.700434628272363,1.34925211988681,0.78635580018589,0.464817086223288,0.874088334954525
"VF0224","F1C fimbriae","Adherence","abundance","base",47,1837,0.0876428960261296,0.935124460408042,0.407914404820255,2.1437285521671,0.874088334954525,0.972687472866447,0.690592528946478,1.3700132570427,0.931449391210496,0.470651463995291,0.874088334954525
"VF0394","Flagella","Motility","abundance","base_cc",43,1699,0.189983669025585,2.17017416295119,1.49347652975635,3.15348504225187,4.829276040454e-05,1.55196894214229,1.25550195474062,1.91844193334759,0.588355533112544,0.817653720885813,0.00159366109334982
"VF0333","T2SS","Effector delivery system","abundance","base_cc",43,1699,0.369080021774633,1.78638810309303,1.30675107219649,2.44207372220353,0.000275595488451802,1.62371141672187,1.2504643709443,2.10836776005223,0.679415971752308,0.813111675501427,0.00454732555945473
"VF0568","AcrAB","Antimicrobial activity/Competitive advantage","abundance","base_cc",43,1699,0.188894937397931,2.2191731735914,1.41862370006285,3.47148406879819,0.00047983043219134,1.51035034857619,1.19827868896355,1.90369585677712,0.687722333837414,0.829756297579434,0.00527813475410474
"VF0227","Chu","Nutritional/Metabolic factor","abundance","base_cc",43,1699,0.272182906913446,1.78471572465621,1.27385428058443,2.50045100635356,0.00076027298067357,1.51640707037632,1.19002216087337,1.93230889196187,0.488534138113612,0.777874124217725,0.00607816774857943
"VF1138","Curli fibers","Adherence","abundance","base_cc",43,1699,0.323897659227001,1.81446902201689,1.25686494780143,2.61945234260687,0.00147073324828325,1.51319000170247,1.17227520076201,1.95324782078811,0.39405719561941,0.773588229219968,0.00607816774857943
"VF0560","Capsule","Immune modulation","abundance","base_cc",43,1699,0.22591181273816,1.8960882873586,1.27747701528042,2.81425869151101,0.00149617067142843,1.47020724043179,1.1589529065542,1.86505363383976,0.423541437904476,0.772276751547678,0.00607816774857943
"VF0571","RcsAB","Regulation","abundance","base_cc",43,1699,0.225367446924333,2.21647631642327,1.35283973920974,3.63144807095559,0.0015791376002364,1.47938088775682,1.16032174214156,1.88617323245258,0.681809234169002,0.837699831883059,0.00607816774857943
"VF0404","ECP","Adherence","abundance","base_cc",43,1699,0.337506804572673,1.71781121518464,1.22774971895938,2.40348283159474,0.00159198413793344,1.51198030525777,1.16974006218864,1.95435252444891,0.888529932438223,0.812083187848169,0.00607816774857943
"VF0228","Enterobactin","Nutritional/Metabolic factor","abundance","base_cc",43,1699,0.348938486663038,1.58532721250346,1.18966528191368,2.11257940272174,0.00165768211324893,1.51926964315753,1.17073378273292,1.97156713393191,0.689269853412211,0.82156956444785,0.00607816774857943
"VF0112","RpoS","Regulation","abundance","base_cc",43,1699,0.246053347849755,2.07414685205183,1.30329572645796,3.30092785278175,0.00208826066181745,1.47368281487719,1.15118925586529,1.88651955167178,0.911199460113159,0.840820516748883,0.00689126018399758
"VF0565","Aerobactin","Nutritional/Metabolic factor","abundance","base_cc",43,1699,0.0658682634730539,2.51470873273795,1.3747077669035,4.60007585812412,0.00276388162646441,1.31668342430242,1.09959724256717,1.57662748933897,0.152894020675704,0.62612188426245,0.00829164487939324
"VF0239","K1 capsule","Invasion","abundance","base_cc",43,1699,0.255851932498639,1.58963195224713,1.14008054091618,2.21644844633027,0.00627569627918195,1.40445852877275,1.10083445611753,1.79182596264223,0.884538976309234,0.818824697947105,0.0164006503720624
"VF0213","Adhesive fimbriae","Adherence","abundance","base_cc",43,1699,0.0930865541643985,2.02608958820628,1.21888305781269,3.367869454847,0.00646086226778218,1.34476820770395,1.08658131902159,1.66430390509536,0.346179842210353,0.77994036746828,0.0164006503720624
"VF0111","PhoPQ","Regulation","abundance","base_cc",43,1699,0.193249863908547,1.99432671953283,1.20144605815244,3.31045995552961,0.00758974056168473,1.38757764910236,1.09098989704697,1.76479336563968,0.925333873968935,0.831902425941858,0.0178901027525426
"VF0221","Type 1 fimbriae","Adherence","abundance","base_cc",43,1699,0.39412084921067,1.53098145871533,1.10104322286433,2.12880310078339,0.0113310425125535,1.41455891014149,1.08153680278121,1.85012373607175,0.970974961071048,0.824066889948897,0.0237202174840371
"VF0256","Shu","Nutritional/Metabolic factor","abundance","base_cc",43,1699,0.152966793685357,2.05850208739223,1.1758819463462,3.60361927229607,0.0115007115074119,1.35019741424647,1.0697007878872,1.7042457835696,0.413764590388829,0.762595897915213,0.0237202174840371
"VF0572","Allantion utilization","Nutritional/Metabolic factor","abundance","base_cc",43,1699,0.142079477408819,1.93066593382514,1.14223029393614,3.26332699090651,0.0140266443195118,1.344591921922,1.06168005506176,1.70289290815841,0.777000670554114,0.816694121139479,0.0272281919143463
"VF0229","Aerobactin","Nutritional/Metabolic factor","abundance","base_cc",43,1699,0.101252041371802,1.66639681678403,1.07908932354284,2.57335355878693,0.0212606095383277,1.2710637380044,1.03639846451411,1.55886281327825,0.126140903164701,0.57924339150137,0.0389777841536007
"VF0237","Ibes","Invasion","abundance","base_cc",43,1699,0.26619488296135,1.62679505386625,1.06694182244731,2.48041841795399,0.0237541785783417,1.34686978804613,1.04044898036738,1.74353405133896,0.968992242629307,0.831185040742494,0.0404297026789585
"VF0236","OmpA","Invasion","abundance","base_cc",43,1699,0.201959716929777,1.84357761331708,1.08181628828546,3.14173344691502,0.0245028501084597,1.33247165559349,1.03759069614674,1.71115712539982,0.999514075575836,0.836099831380211,0.0404297026789585
"VF0238","AslA","Invasion","abundance","base_cc",43,1699,0.195427327163854,1.77253307844068,1.06169003095995,2.95931338012621,0.0286030622125013,1.31178808445871,1.02878840702894,1.67263546786783,0.367980552048878,0.759874166630263,0.0449476691910735
"VF0113","Fur","Regulation","abundance","base_cc",43,1699,0.227544910179641,1.77170489125877,1.03307768531062,3.03843386256711,0.0376865016699232,1.31538158599776,1.0157195478475,1.70345123360939,0.784446802139601,0.832094861194776,0.0565297525048848
"VF1110","TTSS secreted effectors","Effector delivery system","abundance","base_cc",43,1699,0.0832879695155144,1.74584648995487,1.01838653691531,2.99294998117322,0.0427391264476308,1.2604820873618,1.00759767168387,1.57683481930319,0.340929840102505,0.764900665919473,0.0592942555783277
"VF0220","P fimbriae","Adherence","abundance","base_cc",43,1699,0.224823081110506,1.49899788975046,1.01259083852492,2.21905491140886,0.0431230949660565,1.27473114184231,1.00753114337501,1.61279330635817,0.153865551950158,0.617833898314743,0.0592942555783277
"VF0144","Capsule","Immune modulation","abundance","base_cc",43,1699,0.307022318998367,0.46575581062802,0.215235629516435,1.00786508080067,0.0523665751373674,0.684215589449639,0.466333001826914,1.0038984395526,0.707279187275869,0.82017516805406,0.069123879181325
"VF0230","Salmochelin siderophore","Nutritional/Metabolic factor","abundance","base_cc",43,1699,0.129014697876973,1.52795129434173,0.98319463175247,2.37454018002443,0.0594766253001916,1.25251999247159,0.991038836001937,1.58299178049362,0.0648364010220987,0.512135443959316,0.0754895628810124
"VF0564","Ybt","Nutritional/Metabolic factor","abundance","base_cc",43,1699,0.20141535111595,1.39858397183067,0.982940197764672,1.98998589203079,0.0622698197259656,1.26935576908662,0.987840497783138,1.63109740097658,0.579841048349579,0.808071967047581,0.0761075574428469
"VF0506","FdeC","Adherence","abundance","base_cc",43,1699,0.180185084376701,1.67409502139615,0.967818113097885,2.89578599814851,0.0653289210031257,1.26559705018744,0.985158180020062,1.62586671453161,0.513413769410938,0.78832752063751,0.0769947997536838
"VF0579","T6SS","Effector delivery system","abundance","base_cc",43,1699,0.193794229722373,1.24953126810029,0.820225260548985,1.90353609557855,0.299617928260912,1.15105036862923,0.882368706968884,1.50154571513858,0.50303118421031,0.799945866266304,0.340944539055521
"VF0225","<alpha>-Hemolysin","Exotoxin","abundance","base_cc",43,1699,0.0626020685900925,1.37719412095181,0.722570558485006,2.62488365255418,0.330768536740923,1.12235348780763,0.889414272531291,1.41629990713875,0.370636576602343,0.775554184053835,0.363845390415016
"VF0573","Colibactin","Exotoxin","abundance","base_cc",43,1699,0.151878062057703,0.806865729087158,0.448228848716672,1.45245516132959,0.474296962410657,0.871897546602209,0.59893691889175,1.26925775952767,0.94766545671943,0.849458059831297,0.504896766437151
"VF0224","F1C fimbriae","Adherence","abundance","base_cc",43,1699,0.0876428960261296,0.973801908810026,0.423912241852711,2.23699639684276,0.950114140296838,0.988976961666177,0.69883991232442,1.39957007815034,0.916187625429304,0.845666334810396,0.955762144597731
"VF0222","S fimbriae","Adherence","abundance","base_cc",43,1699,0.131192161132281,0.978804391397801,0.459150778435338,2.08658698104449,0.955762144597731,0.990618235221584,0.710010278594402,1.38212715722403,0.785600156215313,0.840934747776676,0.955762144597731
"VF0394","Flagella","Motility","detection","adjusted",43,1699,0.189983669025585,3.37718144755646,1.82192427807778,6.26005957928875,0.000110998254606659,NA,NA,NA,0.36496176603295,0.5525227598238,0.00366294240201976
"VF0333","T2SS","Effector delivery system","detection","adjusted",43,1699,0.369080021774633,3.08128279838499,1.64188241127667,5.78257225877755,0.000458596025253462,NA,NA,NA,0.475466590673784,0.521856524540709,0.00577369403032096
"VF1138","Curli fibers","Adherence","detection","adjusted",43,1699,0.323897659227001,2.97601622522117,1.60668605972332,5.51238527226957,0.000524881275483724,NA,NA,NA,0.0527476246983833,0.351946473759495,0.00577369403032096
"VF0404","ECP","Adherence","detection","adjusted",43,1699,0.337506804572673,2.87873258261025,1.55674119035315,5.32336481718065,0.000748668688176197,NA,NA,NA,0.756928926173565,0.521435947253704,0.00617651667745362
"VF0228","Enterobactin","Nutritional/Metabolic factor","detection","adjusted",43,1699,0.348938486663038,2.72120951833179,1.46679408756573,5.04841225188515,0.00149862964880216,NA,NA,NA,0.332482542548862,0.535116510895728,0.00975767419570149
"VF0227","Chu","Nutritional/Metabolic factor","detection","adjusted",43,1699,0.272182906913446,2.68170130657569,1.44466556129034,4.9779838949483,0.00177412258103663,NA,NA,NA,0.532668715181442,0.551515384143038,0.00975767419570149
"VF0568","AcrAB","Antimicrobial activity/Competitive advantage","detection","adjusted",43,1699,0.188894937397931,2.6345257826504,1.39120456139824,4.98900470285538,0.00294454917114749,NA,NA,NA,0.642192591651291,0.571703413288588,0.0138814460925525
"VF0256","Shu","Nutritional/Metabolic factor","detection","adjusted",43,1699,0.152966793685357,2.61874470591528,1.32375347094753,5.18058987966281,0.00567864985506462,NA,NA,NA,0.695906377973882,0.604382196356246,0.0183204668932662
"VF0112","RpoS","Regulation","detection","adjusted",43,1699,0.246053347849755,2.38113187042167,1.28425291007217,4.41485391224003,0.00588331510400769,NA,NA,NA,0.937708167623077,0.607048276017957,0.0183204668932662
"VF0572","Allantion utilization","Nutritional/Metabolic factor","detection","adjusted",43,1699,0.142079477408819,2.68521074474229,1.32158131855153,5.45585552887662,0.00631642001803037,NA,NA,NA,0.823158153960586,0.614918654323796,0.0183204668932662
"VF0560","Capsule","Immune modulation","detection","adjusted",43,1699,0.22591181273816,2.40233581655905,1.27628946858172,4.52187181481309,0.00660767182487458,NA,NA,NA,0.358720182458636,0.528001690037883,0.0183204668932662
"VF0213","Adhesive fimbriae","Adherence","detection","adjusted",43,1699,0.0930865541643985,2.90550274862245,1.33394634246365,6.32855007245741,0.00724264896036159,NA,NA,NA,0.427203872655404,0.578631017844158,0.0183204668932662
"VF1110","TTSS secreted effectors","Effector delivery system","detection","adjusted",43,1699,0.0832879695155144,2.94876721150838,1.33881109021615,6.49473860144307,0.00726869182102571,NA,NA,NA,0.432133273190673,0.544109020051402,0.0183204668932662
"VF0565","Aerobactin","Nutritional/Metabolic factor","detection","adjusted",43,1699,0.0658682634730539,3.12590929351463,1.35052951845517,7.2351687080918,0.00777231928805231,NA,NA,NA,0.172790938925511,0.500042473716243,0.0183204668932662
"VF0571","RcsAB","Regulation","detection","adjusted",43,1699,0.225367446924333,2.27596741830038,1.20844434422562,4.2865256591393,0.0108908706485215,NA,NA,NA,0.778729122354748,0.585613649742236,0.0239599154267474
"VF0239","K1 capsule","Invasion","detection","adjusted",43,1699,0.255851932498639,2.21501016332933,1.18482766259296,4.14091447942313,0.012727786549583,NA,NA,NA,0.525269757486481,0.566923651672056,0.026251059758515
"VF0220","P fimbriae","Adherence","detection","adjusted",43,1699,0.224823081110506,2.20625868325963,1.15717204210981,4.20644225778538,0.0162444665036441,NA,NA,NA,0.076667886812197,0.372780909383486,0.0315333761541326
"VF0221","Type 1 fimbriae","Adherence","detection","adjusted",43,1699,0.39412084921067,2.10925770277949,1.14135714814629,3.89796310818246,0.0172196945355515,NA,NA,NA,0.723838247664846,0.571479937974686,0.0315694399818445
"VF0111","PhoPQ","Regulation","detection","adjusted",43,1699,0.193249863908547,2.18038920368185,1.12292874184071,4.23365873754326,0.0213093306724347,NA,NA,NA,0.92772889098363,0.60018129279213,0.0370109427468603
"VF0238","AslA","Invasion","detection","adjusted",43,1699,0.195427327163854,2.11205868420866,1.09718161441376,4.06568231452245,0.0252497128247336,NA,NA,NA,0.594526018080503,0.565249945242592,0.0416620261608105
"VF0229","Aerobactin","Nutritional/Metabolic factor","detection","adjusted",43,1699,0.101252041371802,2.3435012039566,1.09795229435097,5.00203690196988,0.0276959075260796,NA,NA,NA,0.235004501743518,0.47256262897104,0.0435221403981251
"VF0144","Capsule","Immune modulation","detection","adjusted",43,1699,0.307022318998367,0.398365122131351,0.17340946361516,0.915144809414269,0.0300853382025617,NA,NA,NA,0.811035065824818,0.58100573339386,0.0451280073038425
"VF0236","OmpA","Invasion","detection","adjusted",43,1699,0.201959716929777,2.00641544795975,1.04883478194506,3.83826224979483,0.0353725349321569,NA,NA,NA,0.736792536186658,0.592771049233885,0.0498994452932606
"VF0237","Ibes","Invasion","detection","adjusted",43,1699,0.26619488296135,1.94777262479554,1.04347943813151,3.63573833778293,0.0362905056678259,NA,NA,NA,0.85329184813105,0.592871397627587,0.0498994452932606
"VF0564","Ybt","Nutritional/Metabolic factor","detection","adjusted",43,1699,0.20141535111595,1.86922846628268,0.959716689082848,3.64067343926316,0.0658988229922897,NA,NA,NA,0.825330725913258,0.588894423807492,0.0869864463498224
"VF0506","FdeC","Adherence","detection","adjusted",43,1699,0.180185084376701,1.83517939196037,0.927028710127103,3.63298715981977,0.0814151246803654,NA,NA,NA,0.910764381121633,0.602235347842174,0.102563618239648
"VF0113","Fur","Regulation","detection","adjusted",43,1699,0.227544910179641,1.80701150005515,0.923780663901251,3.53470330017711,0.0839156876506214,NA,NA,NA,0.724678766038263,0.59205383204644,0.102563618239648
"VF0230","Salmochelin siderophore","Nutritional/Metabolic factor","detection","adjusted",43,1699,0.129014697876973,1.62814990185259,0.746818963302909,3.54955114045143,0.220259068966244,NA,NA,NA,0.214543888832873,0.511496928654789,0.259591045567359
"VF0225","<alpha>-Hemolysin","Exotoxin","detection","adjusted",43,1699,0.0626020685900925,1.48840675823736,0.52605146119949,4.2112888973167,0.453568975419334,NA,NA,NA,0.47763107969652,0.588833923504631,0.516130213408208
"VF0579","T6SS","Effector delivery system","detection","adjusted",43,1699,0.193794229722373,1.27862659618645,0.619812607604519,2.63771009562701,0.505874979031969,NA,NA,NA,0.550060485379176,0.591678956791988,0.556462476935165
"VF0573","Colibactin","Exotoxin","detection","adjusted",43,1699,0.151878062057703,0.766735719649105,0.297832198932179,1.97387544360071,0.581945801254299,NA,NA,NA,0.92508327448767,0.612659243258395,0.619490691657802
"VF0224","F1C fimbriae","Adherence","detection","adjusted",43,1699,0.0876428960261296,1.14717783753791,0.405080331071901,3.24878027885429,0.796002090589987,NA,NA,NA,0.554035596740526,0.598847488851272,0.820877155920924
"VF0222","S fimbriae","Adherence","detection","adjusted",43,1699,0.131192161132281,0.907857791894149,0.352899780701961,2.33552361144423,0.841076996655836,NA,NA,NA,0.607119818010174,0.59121103527053,0.841076996655836
"VF0394","Flagella","Motility","detection","base",47,1837,0.189983669025585,3.14151446992242,1.74025127820758,5.67108514058779,0.000145633121739008,NA,NA,NA,0.179798257360678,0.336759799213578,0.00419111986873078
"VF1138","Curli fibers","Adherence","detection","base",47,1837,0.323897659227001,2.89202138500643,1.61437749053211,5.18081287702899,0.000356745726461379,NA,NA,NA,0.0451635791973061,0.182969864064639,0.00419111986873078
"VF0333","T2SS","Effector delivery system","detection","base",47,1837,0.369080021774633,2.89506088944033,1.60330293142868,5.22756953116683,0.000422327911371663,NA,NA,NA,0.395974690566385,0.362956143764116,0.00419111986873078
"VF0213","Adhesive fimbriae","Adherence","detection","base",47,1837,0.0930865541643985,3.47999882798684,1.71257740591146,7.07144202707991,0.000566411595872936,NA,NA,NA,0.376146560546863,0.409425248745637,0.00419111986873078
"VF0404","ECP","Adherence","detection","base",47,1837,0.337506804572673,2.7548831245426,1.5402799891837,4.92727366659598,0.000635018161928905,NA,NA,NA,0.672230555373233,0.39545828329361,0.00419111986873078
"VF0228","Enterobactin","Nutritional/Metabolic factor","detection","base",47,1837,0.348938486663038,2.69405663343124,1.50181382661132,4.83278354182661,0.000887397772755512,NA,NA,NA,0.286386309595562,0.356170822698679,0.00488068775015532
"VF0227","Chu","Nutritional/Metabolic factor","detection","base",47,1837,0.272182906913446,2.59561240807037,1.44009969727189,4.67828983346901,0.00150656023733464,NA,NA,NA,0.867142315742138,0.433890623471702,0.00710235540457757
"VF0568","AcrAB","Antimicrobial activity/Competitive advantage","detection","base",47,1837,0.188894937397931,2.62916986645029,1.4296559252717,4.83510337309764,0.00187138553365929,NA,NA,NA,0.386912573515107,0.406776434907141,0.00771946532634458
"VF0112","RpoS","Regulation","detection","base",47,1837,0.246053347849755,2.47169094680768,1.37516358017098,4.44256685140793,0.00248687507026218,NA,NA,NA,0.816790030312566,0.447859235362461,0.00911854192429465
"VF1110","TTSS secreted effectors","Effector delivery system","detection","base",47,1837,0.0832879695155144,3.0369322020439,1.4484299662682,6.36755481079533,0.00327382166112244,NA,NA,NA,0.211605157957401,0.349643268832981,0.010803611481704
"VF0571","RcsAB","Regulation","detection","base",47,1837,0.225367446924333,2.39549434767657,1.31690575029349,4.35748205099075,0.00421226895508524,NA,NA,NA,0.702428997365926,0.435703234123152,0.0126368068652557
"VF0256","Shu","Nutritional/Metabolic factor","detection","base",47,1837,0.152966793685357,2.524849601755,1.32127509823535,4.82478290856796,0.00505964440351038,NA,NA,NA,0.96386482879182,0.449461069732127,0.0134376178196796
"VF0572","Allantion utilization","Nutritional/Metabolic factor","detection","base",47,1837,0.142079477408819,2.60252078518579,1.32870864668565,5.09751664085201,0.00529360701987379,NA,NA,NA,0.552898457804989,0.431269701894187,0.0134376178196796
"VF0560","Capsule","Immune modulation","detection","base",47,1837,0.22591181273816,2.24056756577087,1.22349775781706,4.10310765566193,0.00896281461321981,NA,NA,NA,0.203335315045924,0.334691458848075,0.0211266344454467
"VF0111","PhoPQ","Regulation","detection","base",47,1837,0.193249863908547,2.2480139593247,1.20878702603502,4.1806924234578,0.0104967567193397,NA,NA,NA,0.866534361200266,0.456433478661558,0.0230928647825473
"VF0221","Type 1 fimbriae","Adherence","detection","base",47,1837,0.39412084921067,2.07301928084219,1.1583513489471,3.70993562760527,0.0140870163085478,NA,NA,NA,0.833955838284196,0.423807159493168,0.0283925713091258
"VF0565","Aerobactin","Nutritional/Metabolic factor","detection","base",47,1837,0.0658682634730539,2.77500462216401,1.22297579083906,6.29665011418447,0.0146264761289436,NA,NA,NA,0.192634300592508,0.300378873188775,0.0283925713091258
"VF0238","AslA","Invasion","detection","base",47,1837,0.195427327163854,1.99930084020182,1.07307557469877,3.72499751543948,0.029098505182574,NA,NA,NA,0.908603428511534,0.447609878887318,0.0533472595013857
"VF0239","K1 capsule","Invasion","detection","base",47,1837,0.255851932498639,1.94060505214608,1.05852197518459,3.5577418860465,0.0320401615427688,NA,NA,NA,0.4827165758474,0.41409426786312,0.0543191624620699
"VF0113","Fur","Regulation","detection","base",47,1837,0.227544910179641,1.98084885115099,1.05701906322074,3.71210161446895,0.0329207045224666,NA,NA,NA,0.66346544741885,0.443620582362356,0.0543191624620699
"VF0236","OmpA","Invasion","detection","base",47,1837,0.201959716929777,1.9277390483078,1.03763866917045,3.58137948091469,0.0378093810412711,NA,NA,NA,0.443092303757146,0.409411529169759,0.0594147416362832
"VF0237","Ibes","Invasion","detection","base",47,1837,0.26619488296135,1.83174672093709,1.0096099413648,3.32335876678081,0.0464294816074332,NA,NA,NA,0.545147651069357,0.426972394326604,0.0669687475286259
"VF0144","Capsule","Immune modulation","detection","base",47,1837,0.307022318998367,0.450673934026565,0.205500108592394,0.988354683616446,0.0466751876714665,NA,NA,NA,0.865123642995828,0.431576771084723,0.0669687475286259
"VF0229","Aerobactin","Nutritional/Metabolic factor","detection","base",47,1837,0.101252041371802,2.08157134820473,0.987202125809157,4.38911056245485,0.0540845603609715,NA,NA,NA,0.234674963648938,0.316185820757549,0.0743662704963358
"VF0220","P fimbriae","Adherence","detection","base",47,1837,0.224823081110506,1.77406459787252,0.951911034966443,3.30630183054399,0.0710997499223463,NA,NA,NA,0.0960565423716658,0.229448105797077,0.0938516698974972
"VF0506","FdeC","Adherence","detection","base",47,1837,0.180185084376701,1.80121518397618,0.939783460807763,3.45225924299386,0.0762468589218953,NA,NA,NA,0.775516272355555,0.450050553336597,0.0967748594008671
"VF0564","Ybt","Nutritional/Metabolic factor","detection","base",47,1837,0.20141535111595,1.63013617286271,0.85296214965218,3.11543008462812,0.139211775729647,NA,NA,NA,0.901148230948431,0.461324819432426,0.170147725891791
"VF0230","Salmochelin siderophore","Nutritional/Metabolic factor","detection","base",47,1837,0.129014697876973,1.54591016640587,0.717754096050691,3.32960585769785,0.265785780792386,NA,NA,NA,0.211571144710812,0.324056477314723,0.313247527362454
"VF0579","T6SS","Effector delivery system","detection","base",47,1837,0.193794229722373,1.30367715767966,0.657406790081744,2.58527012056626,0.44774113938845,NA,NA,NA,0.830463241954878,0.456579026311544,0.509498537924788
"VF0225","<alpha>-Hemolysin","Exotoxin","detection","base",47,1837,0.0626020685900925,1.45836295179588,0.521517139213496,4.07814497214465,0.472039726920883,NA,NA,NA,0.506731721507611,0.427391158596813,0.515557781255147
"VF0573","Colibactin","Exotoxin","detection","base",47,1837,0.151878062057703,0.716090598476984,0.280880010549185,1.82563986744557,0.484311855118471,NA,NA,NA,0.847900058594236,0.472398732263517,0.515557781255147
"VF0224","F1C fimbriae","Adherence","detection","base",47,1837,0.0876428960261296,1.12753998515937,0.401691962899667,3.16497847991734,0.81968062087879,NA,NA,NA,0.576250078956328,0.443554748303945,0.845295640281252
"VF0222","S fimbriae","Adherence","detection","base",47,1837,0.131192161132281,0.922432690649382,0.362871142879276,2.34486011212454,0.865307047654093,NA,NA,NA,0.600827067466113,0.450342300039358,0.865307047654093
"VF0394","Flagella","Motility","detection","base_cc",43,1699,0.189983669025585,3.28225105394606,1.77932185505462,6.05465051223087,0.00014205979657711,NA,NA,NA,0.319155271010629,0.770673577896959,0.00468797328704462
"VF0333","T2SS","Effector delivery system","detection","base_cc",43,1699,0.369080021774633,3.03947001306303,1.63108411860016,5.66394942784312,0.000464235523442342,NA,NA,NA,0.436281004900394,0.771788034633083,0.00647969183637798
"VF1138","Curli fibers","Adherence","detection","base_cc",43,1699,0.323897659227001,2.91198660665604,1.58287925613771,5.35711486802532,0.00058906289421618,NA,NA,NA,0.0470070346378569,0.476955668556877,0.00647969183637798
"VF0404","ECP","Adherence","detection","base_cc",43,1699,0.337506804572673,2.77665173114262,1.51031089021265,5.10477338541325,0.00101208913735155,NA,NA,NA,0.741155756243793,0.79790161008358,0.00834973538315027
"VF0227","Chu","Nutritional/Metabolic factor","detection","base_cc",43,1699,0.272182906913446,2.73485244931045,1.4801520232951,5.05314170557207,0.00131844205894042,NA,NA,NA,0.558704974815122,0.784884182549463,0.00840201383669714
"VF0228","Enterobactin","Nutritional/Metabolic factor","detection","base_cc",43,1699,0.348938486663038,2.68886601114282,1.4585327449676,4.95703675548246,0.00152763887939948,NA,NA,NA,0.310542876417101,0.754091427532635,0.00840201383669714
"VF0568","AcrAB","Antimicrobial activity/Competitive advantage","detection","base_cc",43,1699,0.188894937397931,2.71430666760476,1.44153429443456,5.11084662657544,0.00198362623026975,NA,NA,NA,0.605745477174109,0.825301412640655,0.00935138079984312
"VF0565","Aerobactin","Nutritional/Metabolic factor","detection","base_cc",43,1699,0.0658682634730539,3.19743263303555,1.39736206446663,7.31633962505127,0.00591885032316135,NA,NA,NA,0.168158027170746,0.64496016172469,0.0202229121544362
"VF0112","RpoS","Regulation","detection","base_cc",43,1699,0.246053347849755,2.36171868169604,1.27805463648953,4.36422275873321,0.00608616345571138,NA,NA,NA,0.897887770282501,0.843633398339754,0.0202229121544362
"VF0256","Shu","Nutritional/Metabolic factor","detection","base_cc",43,1699,0.152966793685357,2.55323924320479,1.29974433964559,5.01562533045428,0.00650775099379304,NA,NA,NA,0.705969357898642,0.812806125915081,0.0202229121544362
"VF0213","Adhesive fimbriae","Adherence","detection","base_cc",43,1699,0.0930865541643985,2.91918512351542,1.34202271503513,6.34984914180882,0.00689341891315002,NA,NA,NA,0.372671285141502,0.786331241717652,0.0202229121544362
"VF1110","TTSS secreted effectors","Effector delivery system","detection","base_cc",43,1699,0.0832879695155144,2.87967857193208,1.31951617264595,6.28453735509451,0.0078991977484189,NA,NA,NA,0.391845331244944,0.776774426988878,0.0202229121544362
"VF0560","Capsule","Immune modulation","detection","base_cc",43,1699,0.22591181273816,2.34081914387474,1.24891684334271,4.38734916062534,0.00796660175780819,NA,NA,NA,0.3450074490303,0.764499417386184,0.0202229121544362
"VF0572","Allantion utilization","Nutritional/Metabolic factor","detection","base_cc",43,1699,0.142079477408819,2.50909829184804,1.24509921721969,5.05628318698391,0.0100768135329856,NA,NA,NA,0.813194560104393,0.829027454112819,0.0237524890420374
"VF0571","RcsAB","Regulation","detection","base_cc",43,1699,0.225367446924333,2.25414500137349,1.2032134208358,4.22299951050043,0.0111621046518259,NA,NA,NA,0.744547328319959,0.833368402468478,0.024556630234017
"VF0239","K1 capsule","Invasion","detection","base_cc",43,1699,0.255851932498639,2.21338610210846,1.18668823097399,4.12836152675577,0.0124828337265751,NA,NA,NA,0.504654115459969,0.804216407209284,0.0257458445610612
"VF0221","Type 1 fimbriae","Adherence","detection","base_cc",43,1699,0.39412084921067,2.0675904678425,1.12521803691799,3.79920175686335,0.0192803546087152,NA,NA,NA,0.744399898958354,0.810350435946559,0.0374265707110354
"VF0238","AslA","Invasion","detection","base_cc",43,1699,0.195427327163854,2.07804120770432,1.08833193101139,3.96777411180455,0.0266564769577897,NA,NA,NA,0.592610710770724,0.810418087746124,0.0485913961154968
"VF0229","Aerobactin","Nutritional/Metabolic factor","detection","base_cc",43,1699,0.101252041371802,2.32005331750953,1.09363492433544,4.92179545140058,0.0282883960627448,NA,NA,NA,0.223357394868829,0.68455966147706,0.0485913961154968
"VF0111","PhoPQ","Regulation","detection","base_cc",43,1699,0.193249863908547,2.07824760254277,1.07577784355598,4.01487456108776,0.029449330979089,NA,NA,NA,0.927013210531735,0.83036975410781,0.0485913961154968
"VF0220","P fimbriae","Adherence","detection","base_cc",43,1699,0.224823081110506,1.99771294727235,1.0561609330179,3.778644802072,0.0333346596483953,NA,NA,NA,0.0803351443687168,0.519873528172143,0.0518768562777255
"VF0236","OmpA","Invasion","detection","base_cc",43,1699,0.201959716929777,1.98150072291441,1.04085306299485,3.77223765246273,0.0373517858871749,NA,NA,NA,0.704003323201857,0.827044949306684,0.0518768562777255
"VF0237","Ibes","Invasion","detection","base_cc",43,1699,0.26619488296135,1.9274566918964,1.03817318283892,3.57848705837034,0.037647544136593,NA,NA,NA,0.80431481484008,0.833160912111129,0.0518768562777255
"VF0144","Capsule","Immune modulation","detection","base_cc",43,1699,0.307022318998367,0.412037832866165,0.178526864333652,0.95097830988478,0.0377286227474367,NA,NA,NA,0.852564632677773,0.824106044821959,0.0518768562777255
"VF0564","Ybt","Nutritional/Metabolic factor","detection","base_cc",43,1699,0.20141535111595,1.8372639006682,0.949663051153448,3.55445927542261,0.070824099251688,NA,NA,NA,0.863353207692875,0.843405430375755,0.0934878110122281
"VF0506","FdeC","Adherence","detection","base_cc",43,1699,0.180185084376701,1.82253941435497,0.925500716571722,3.58903008652609,0.0825508061192518,NA,NA,NA,0.946938013248736,0.838343111752541,0.104776023151358
"VF0113","Fur","Regulation","detection","base_cc",43,1699,0.227544910179641,1.78047501366195,0.915215958925891,3.46376310788437,0.0893071654334938,NA,NA,NA,0.697121729448516,0.830669845417862,0.109153202196492
"VF0230","Salmochelin siderophore","Nutritional/Metabolic factor","detection","base_cc",43,1699,0.129014697876973,1.72269229812676,0.792766549989178,3.74343336517639,0.169585978414148,NA,NA,NA,0.221713209568768,0.705200946360695,0.199869188845246
"VF0225","<alpha>-Hemolysin","Exotoxin","detection","base_cc",43,1699,0.0626020685900925,1.54125144355312,0.548559211756686,4.33035479369219,0.411785409740005,NA,NA,NA,0.494173949109046,0.804170197768597,0.468583397290351
"VF0579","T6SS","Effector delivery system","detection","base_cc",43,1699,0.193794229722373,1.28279553097748,0.626249878544522,2.62764821307477,0.496037072220645,NA,NA,NA,0.540123610577661,0.812661589491699,0.54564077944271
"VF0573","Colibactin","Exotoxin","detection","base_cc",43,1699,0.151878062057703,0.780127639867529,0.303878483218652,2.00277139743182,0.605733330950421,NA,NA,NA,0.89864371650518,0.846646851006768,0.644812900689158
"VF0224","F1C fimbriae","Adherence","detection","base_cc",43,1699,0.0876428960261296,1.19609325702296,0.423861938244149,3.37524781163938,0.735134464687396,NA,NA,NA,0.571411743770769,0.819806338220195,0.758107416708877
"VF0222","S fimbriae","Adherence","detection","base_cc",43,1699,0.131192161132281,0.979235888979775,0.383108134618319,2.50295631864184,0.965045324435404,NA,NA,NA,0.594066814376227,0.826450998479381,0.965045324435404
